"","Order","Suborder","Incertae.sedis","Family","Species","Common.name","Horizontal.habitat","Vertical.habitat","Trophic.guild","Trophic.level","Lmax.male","Lcom.m","a","b","weight.g","weight.kg","log10.size.class","size.category","size.category.score","Fishing.vulnerability.index","fishing.vulnerability","IUCN.status","Bioturbation.mode","bioturbation.mode.score","bioturbation.x.size.score","Description","bioturbation.frequency","frequency.score","bioturbation.score","commercial","bioturbation.mode","body.shape"
"1","Eupercaria","","*","Labridae","Acantholabrus palloni","Scale-rayed wrasse","Coastal","Reef-associated","Benthivore",3.5,25,22,0.00977,3.07,191.2363255,0.191236325,"100-1000","medium",3,15,"low","least concern","Nest-builder",3,9,"Males build dish shaped nests and guard the eggs","occasionally",3,27,"commercial","3","fusiform"
"2","Perciformes","Cottoidei","","Agonidae","Agonus cataphractus","Hooknose","Inner shelf","Demersal","Benthivore",3.4,21,14,0.01023,2.99,91.89911413,0.091899114,"10-100","small",2,26,"low to moderate","least concern","Burrower",5,10," Feeds on bottom crustaceans and polychaetes. spend most of their lives partly buried in sand, mud and gravel","very frequently",5,50,"of no interest","5","elongated"
"3","Rajiformes","","","Rajidae","Amblyraja radiata","Starry ray","Shelf","Demersal","Piscivore",4,105,29.5,0.00316,3.25,11709.87623,11.70987623,">10,000","very large",5,51,"moderate to high","vulnerable","Lateral excavator",2,10,"Feed mainly on fish, crustaceans and polychaete worms, but also on hydroids, molluscs, cephalopods and echinoderms; known to be a scavenger.","very frequently",5,50,"minor commercial","2","flat"
"4","Perciformes","Uranoscopoidei","","Ammodytidae","Ammodytes marinus","Launce","Inner shelf","Benthopelagic","Planktivore",2.7,25,9.75,0.00275,3.14,67.43173298,0.067431733,"10-100","small",2,30,"low to moderate","not evaluated","Burrower",5,10,"During low light intensity (night and winter) they bury in the bottom","frequently",4,40,"commercial","5","elongated"
"5","Perciformes","Uranoscopoidei","","Ammodytidae","Ammodytes tobianus","Lesser sandeel","Inner shelf","Benthopelagic","Planktivore",3.2,20,11.45,0.00229,3.07,22.59423123,0.022594231,"10-100","small",2,23,"low","data deficient","Burrower",5,10,"Alternate between lying buried in the sandy substrate and swimming in schools in the water mass. They hibernate in winter buried in sand at depths of 20-50 cm","frequently",4,40,"highly commercial","5","elongated"
"6","Perciformes","Zoarcoidei","","Anarhichadidae","Anarhichas denticulatus","Northern wolffish","Shelf","Benthopelagic","Plankto-piscivore",3.8,180,90,0.00631,3.2,103968.4036,103.9684036,">10,000","very large",5,78,"very high","not evaluated","Vertical excavator",4,20,"Feeds on sea gooseberries, medusas, small fishes, also echinoderms, crustaceans and mollusks (not so hard-shelled) (FishBase), benthic invertebrates with soft skeleton: sea urchins and brittle stars (Nedreaas, 2020)","occasionally",3,60,"of no interest","4","elongated"
"7","Perciformes","Zoarcoidei","","Anarhichadidae","Anarhichas lupus","Atlantic wolffish","Shelf","Demersal","Benthivore",3.2,150,58.5,0.00398,3.19,34802.80022,34.80280022,">10,000","very large",5,69,"high to very high","not evaluated","Vertical excavator",4,20,"Feeds on fishes, hard-shelled mollusks, crabs, lobsters, sea urchins and other echinoderms (FishBase); also mussels, whelks, and scallops (Wheeler, 1978)","frequently",4,80,"highly commercial","4","elongated"
"8","Perciformes","Zoarcoidei","","Anarhichadidae","Anarhichas minor","Spotted wolffish","Shelf","Demersal","Benthivore",3.5,180,120,0.00339,3.19,53029.67793,53.02967793,">10,000","very large",5,80,"very high","not evaluated","Vertical excavator",4,20,"Feeds mainly on echinoderms, but also crustaceans, mollusks, fishes and worms","frequently",4,80,"minor commercial","4","elongated"
"9","Anguilliformes","","","Anguillidae","Anguilla anguilla","European eel","Coastal","Demersal","Benthopiscivore",3.5,122,35,0.00095,3.17,3903.770416,3.903770416,"1,000-10,000","large",4,68,"high to very high","critically endangered","Burrower",5,20,"burrow in sediment","very frequently",5,100,"commercial","5","eel-like"
"10","Argentiniformes","","","Argentinidae","Argentina sphyraena","Lesser silver smelt","Shelf","Benthopelagic","Planktivore",3.6,35,20,0.00363,3.18,295.1501485,0.295150149,"100-1000","medium",3,36,"moderate","not evaluated","Vertical excavator",4,12,"Feeds on bottom-living polychaetes, mollusks and crustaceans, also on pelagic invertebrates and fishes.","frequently",4,48,"minor commercial","4","fusiform"
"11","Pleuronectiformes","","","Bothidae","Arnoglossus imperialis","Imperial scaldfish","Outer shelf","Demersal","Benthivore",3.8,25,12,0.00603,3.1,129.996404,0.129996404,"100-1000","medium",3,15,"low","least concern","Sediment sifter",1,3,"Found on sand, mud, shell and corals","very frequently",5,15,"commercial","1","flat"
"12","Pleuronectiformes","","","Bothidae","Arnoglossus laterna","Scaldfish","Inner shelf","Demersal","Benthivore",3.7,25,12,0.00617,3.08,124.7212316,0.124721232,"100-1000","medium",3,36,"moderate","least concern","Sediment sifter",1,3,"Live on mixed or muddy bottoms. Feed on small fishes and invertebrates","very frequently",5,15,"of no interest","1","flat"
"13","Pleuronectiformes","","","Bothidae","Arnoglossus thori","Thor's scaldfish","","Demersal","",3.3,18,12,0.00724,3.07,51.69221677,0.051692217,"10-100","small",2,24,"low","data deficient","Sediment sifter",1,2,"Found on the upper 100 m of the continental shelf. Feeds on small fishes and invertebrates","very frequently",5,10,"minor commercial","1","flat"
"14","Perciformes","Cottoidei","","Cottidae","Artediellus atlanticus","Atlantic hookear sculpin","Shelf","Demersal","Benthivore",3.4,15,10.5,0.00676,3.17,36.15396949,0.036153969,"10-100","small",2,10,"low","not evaluated","Vertical excavator",4,8,"Feed on polychaetes, small mollusks and very rarely small crustaceans","very frequently",5,40,NA,"4","fusiform"
"15","Tetraodontiformes","","","Balistidae","Balistes capriscus","Grey triggerfish","Shelf","Reef-associated","Benthivore",3.5,66,44,0.02089,2.9,3950.170606,3.950170606,"1,000-10,000","large",4,46,"moderate to high","vulnerable","Nest-builder",3,12,"Feeds on benthic invertebrates like mollusks and crustaceans. Adults guard the embryos nested in sand which hatched in about two days.","occasionally",3,36,"commercial","3","compressiform"
"16","Rajiformes","","","Arhynchobatidae","Bathyraja spinicauda","Spinytail skate","","Bathypelagic","",4.4,170,85,0.00513,3.12,46678.6191,46.6786191,">10,000","very large",5,90,"very high","near threatened","Lateral excavator",2,10,"Benthic (Ref. 58426). Feed on all kinds of bottom animals ","frequently",4,40,"of no interest","2","flat"
"17","Blenniiformes","","","Blenniidae","Blennius ocellaris","Butterfly blenny","","Demersal","",3.5,20,10,0.00832,3.01,68.58412673,0.068584127,"10-100","small",2,10,"low","least concern","Sediment sifter",1,2,"Mainly nocturnal, they feed on small invertebrates.","frequently",4,8,"minor commercial","1","elongated"
"18","Gadiformes","","","Lotidae","Brosme brosme","Tusk","Outer shelf","Demersal","Benthivore",4,120,50,0.0055,3.09,14622.87406,14.62287406,">10,000","very large",5,58,"high","not evaluated","Vertical excavator",4,20,"Feeds on crustaceans and shellfishes, benthic fishes (flatfishes and gurnard) and even on starfishes.","frequently",4,80,"highly commercial","4","elongated"
"19","Pleuronectiformes","","","Soleidae","Buglossidium luteum","Solenette","Inner shelf","Demersal","Benthivore",3.3,20,8,0.00851,3.05,79.08079868,0.079080799,"10-100","small",2,24,"low","least concern","Lateral excavator",2,4,"Feeds on a wide range of bottom-living organisms, mainly crustaceans (copepods, amphipods, cumaceans), bivalve mollusks, and polychaetes.","very frequently",5,20,"minor commercial","2","flat"
"20","Callionymiformes","","","Callionymidae","Callionymus lyra","Dragonet","Shelf","Demersal","Benthivore",3.3,30.5,15,0.01096,2.76,136.9235375,0.136923537,"100-1000","medium",3,29,"low to moderate","least concern","Vertical excavator",4,12,"Feeds on small invertebrates, mainly worms and crustaceans.","very frequently",5,60,"minor commercial","4","elongated"
"21","Callionymiformes","","","Callionymidae","Callionymus maculatus","Spotted dragonet","Shelf","Demersal","Benthivore",3.3,17,8.5,0.00955,2.75,23.10669891,0.023106699,"10-100","small",2,10,"low","least concern","Vertical excavator",4,8,"Feeds on small bottom invertebrates mainly worms, snails and crustaceans.","very frequently",5,40,"subsistence fisheries","4","elongated"
"22","Callionymiformes","","","Callionymidae","Callionymus reticulatus","Reticulated dragonet","","Demersal","",3.3,18.5,9.25,0.00832,2.66,19.53440213,0.019534402,"10-100","small",2,10,"low","least concern","Sediment sifter",1,2,"Rests on the seabed","very frequently",5,10,"of no interest","1","elongated"
"23","Acanthuriformes","","","Caproidae","Capros aper","Boarfish","Slope","Bathydemersal","Planktivore",3.1,30,13,0.01905,2.81,269.5291277,0.269529128,"100-1000","medium",3,19,"low","least concern","Vertical excavator",4,12,"Feed on crustaceans or worms, mollusks","occasionally",3,36,"of no interest","4","compressiform"
"24","Perciformes","Cottoidei","","Liparidae","Careproctus reinhardti","Sea tadpole","","Demersal","",3.8,30,15,0.00447,3.17,215.1700895,0.21517009,"100-1000","medium",3,20,"low","not evaluated","Sediment sifter",1,3,"Feeds on benthic and pelagic crustaceans","occasionally",3,9,"of no interest","1","fusiform"
"25","Eupercaria","","*","Labridae","Centrolabrus exoletus","Rock cook","Coastal","Reef-associated","Benthivore",3.5,18,12,0.00741,3.09,56.05446976,0.05605447,"10-100","small",2,20,"low","least concern","Nest-builder",3,6,"Eggs are laid in the summer in a seaweed nest; Males build dish shaped nests and guard the eggs","rarely",2,12,"of no interest","3","fusiform"
"26","Eupercaria","","*","Cepolidae","Cepola macrophthalma","Red bandfish","Shelf","Demersal","Benthivore",3.1,80,40,0.0038,2.42,153.2009171,0.153200917,"100-1000","medium",3,55,"moderate to high","least concern","Burrower",5,15,"Lives in vertical burrows, terminating in an expanded chamber","very frequently",5,75,"minor commercial","5","elongated"
"27","Perciformes","Scorpaenoidei","","Triglidae","Chelidonichthys cuculus","Red gurnard","Shelf","Demersal","Benthivore",3.8,70,27.6,0.00794,3.05,3367.98016,3.36798016,"1,000-10,000","large",4,46,"moderate to high","least concern","Sediment sifter",1,4,"Feeds on benthic crustaceans, other invertebrates and bottom-dwelling fishes","frequently",4,16,"minor commercial","1","fusiform"
"28","Perciformes","Scorpaenoidei","","Triglidae","Chelidonichthys lastoviza","Streaked gurnard","Shelf","Demersal","Benthivore",3.4,40,15,0.00871,3.03,622.6728484,0.622672848,"100-1000","medium",3,6,"low","least concern","Sediment sifter",1,3,"Feeds on crustaceans","occasionally",3,9,"commercial","1","fusiform"
"29","Perciformes","Scorpaenoidei","","Triglidae","Chelidonichthys lucerna","Tub gurnard","Shelf","Demersal","Benthivore",3.7,82.8,30,0.00776,3.03,5029.139029,5.029139029,"1,000-10,000","large",4,55,"moderate to high","least concern","Sediment sifter",1,4," Feeds on fish, crustaceans and mollusks. Has three isolated rays on the pectoral fin which function as legs on which the fish rests and also help in locating food on the soft bottom","very frequently",5,20,"commercial","1","elongated"
"30","Perciformes","Scorpaenoidei","","Triglidae","Chelidonichthys obscurus","Longfin gurnard","","Demersal","",3.7,50.5,25.25,0.00646,3.08,1138.59681,1.13859681,"1,000-10,000","large",4,40,"moderate","least concern","Sediment sifter",1,4,"Food items include benthic crustaceans, worms, molluscs","frequently",4,16,"commercial","1","elongated"
"31","Mugiliformes","","","Mugilidae","Chelon labrosus","Thicklip grey mullet","","Demersal","",2.6,75,32,0.00724,3.11,4911.103596,4.911103596,"1,000-10,000","large",4,63,"high","least concern","Sediment sifter",1,4,"Adults feed mainly on benthic diatoms, epiphytic algae, small invertebrates and detritus","frequently",4,16,"commercial","1","elongated"
"32","Chimaeriformes","","","Chimaeridae","Chimaera monstrosa","Rabbit fish","","Bathydemersal","",3.5,150,22,0.00135,3.05,5853.452637,5.853452637,"1,000-10,000","large",4,68,"high to very high","vulnerable","Sediment sifter",1,4,"Feeds mainly on bottom-living invertebrates.","frequently",4,16,"minor commercial","1","elongated"
"33","Perciformes","Zoarcoidei","","Stichaeidae","Chirolophis ascanii","Yarrell's blenny","Shelf","Demersal","Benthivore",3,25,17.5,0.00372,3.17,100.4645324,0.100464532,"100-1000","medium",3,21,"low","not evaluated","Vertical excavator",4,12,"Feeds on bottom invertebrates (small mollusks, polychaetes, hydroids, sponges), also algae","very frequently",5,60,"of no interest","4","elongated"
"34","Aulopiformes","","","Chlorophthalmidae","Chlorophthalmus agassizi","Shortnose greeneye","","Bathydemersal","",3.7,40,20,0.00417,3.15,464.1143832,0.464114383,"100-1000","medium",3,40,"moderate","least concern","Sediment sifter",1,3,"Found on the continental shelf and upper slope over mud and clay bottom. Feeds mainly on bottom-living invertebrates. ","frequently",4,12,"minor commercial","1","fusiform"
"35","Gadiformes","","","Gaidropsaridae","Ciliata mustela","Five-bearded rockling","Shelf","Demersal","Benthivore",3.5,25,17,0.00537,3.1,115.7679419,0.115767942,"100-1000","medium",3,15,"low","least concern","Sediment sifter",1,3,"Feed mainly on crustaceans, sometimes also on algae, polychaetes, gastropods and occasionally, small fish.","frequently",4,12,"commercial","1","elongated"
"36","Gadiformes","","","Gaidropsaridae","Ciliata septentrionalis","Northern rockling","Shelf","Demersal","Benthivore",3.5,20,10,0.00724,3.15,90.7785105,0.090778511,"10-100","small",2,16,"low","least concern","Vertical excavator",4,8,"Feed mostly on decapod crustaceans, lobsters, crabs, mysids and polychaetes","frequently",4,32,"commercial","4","elongated"
"37","Gadiformes","","","Macrouridae","Coelorinchus caelorhincus","Hollowsnout grenadier","Slope","Bathydemersal","Benthivore",3.6,48,30,0.00191,3.15,377.5228692,0.377522869,"100-1000","medium",3,60,"high","least concern","Vertical excavator",4,12,"Feeds on a variety of benthic organisms, such as polychaetes, gastropods, cephalopods, numerous crustacean groups (copepods, gammarians, isopods, cumaceans, Natantia) and fish","frequently",4,48,"minor commercial","4","elongated"
"38","Gadiformes","","","Macrouridae","Coelorinchus labiatus","Spearsnouted grenadier","","Bathydemersal","",4,50,25,0.00251,3.19,659.76312,0.65976312,"100-1000","medium",3,40,"moderate","least concern","Sediment sifter",1,3,"Feeds primarily on small fish and bottom-living crustaceans.","frequently",4,12,"of no interest","1","elongated"
"39","Eupercaria","","*","Labridae","Coris julis","Rainbow wrasse","Coastal","Reef-associated","Benthivore",3.2,30,20,0.00871,3.07,298.3873497,0.29838735,"100-1000","medium",3,39,"moderate","least concern","Lateral excavator",2,6,"Buries itself in sand at night or when frightened. Feeds on small gastropods, sea urchins, shrimps, worms, isopods and amphipods","very frequently",5,30,"minor commercial","2","fusiform"
"40","Perciformes","Cottoidei","","Psychrolutidae","Cottunculus microps","Polar sculpin","","Demersal","",4.1,30,14,0.00389,3.12,157.9675622,0.157967562,"100-1000","medium",3,27,"low to moderate","not evaluated","Vertical excavator",4,12,"Feeds on polychaetes, mysids, amphipods and pycnogonids","frequently",4,48,"of no interest","4","elongated"
"41","Eupercaria","","*","Labridae","Ctenolabrus rupestris","Goldsinny wrasse","Coastal","Reef-associated","Benthivore",3.3,18,11,0.00955,3.06,66.24257974,0.06624258,"10-100","small",2,16,"low","least concern","Sediment sifter",1,2,"Feed on bryozoans, crustaceans and gastropods","frequently",4,8,"subsistence fisheries","1","fusiform"
"42","Perciformes","Cottoidei","","Cyclopteridae","Cyclopterus lumpus","Lumpfish","Shelf","Benthopelagic","Benthopiscivore",3.9,61,30.5,0.0263,2.99,5729.173246,5.729173246,"1,000-10,000","large",4,47,"moderate to high","not evaluated","Vertical excavator",4,16,"Adults feed on ctenophores, medusas, small crustaceans, polychaetes, jelly fish and small fishes","occasionally",3,48,"highly commercial","4","short and/or deep"
"43","Myliobatiformes","","","Dasyatidae","Dasyatis pastinaca","Common stingray","Shelf","Demersal","Benthopiscivore",4.1,106,53,0.00741,2.99,8423.309243,8.423309243,"1,000-10,000","large",4,78,"very high","vulnerable","Lateral excavator",2,8,"Found over sandy and muddy bottoms, sometimes near rocky reefs. Feeds on bottom fishes, crustaceans and mollusks.","very frequently",5,40,"commercial","2","flat"
"44","Eupercaria","","*","Sparidae","Dentex dentex","Common dentex","Inner shelf","Reef-associated","Piscivore",4.5,100,50,0.01122,3.03,12882.28363,12.88228363,">10,000","very large",5,66,"high to very high","vulnerable","Vertical excavator",4,20,"Feed on fish, mollusks and cephalopods","occasionally",3,60,"commercial","4",NA
"45","Eupercaria","","*","Sparidae","Dentex maroccanus","Morocco dentex","Inner shelf","Demersal","Piscivore",3.8,45,25,0.01413,3.03,1443.364696,1.443364696,"1,000-10,000","large",4,52,"moderate to high","least concern","Sediment sifter",1,4,"Feed mainly on crustaceans and fish but also takes mollusks","occasionally",3,12,"commercial","1","compressiform"
"46","Eupercaria","","*","Moronidae","Dicentrarchus labrax","European seabass","Shelf","Benthopelagic","Piscivore",3.8,103,50,0.00933,3.02,11185.36247,11.18536247,">10,000","very large",5,66,"high to very high","least concern","Vertical excavator",4,20,"Feed chiefly on shrimps and mollusks, also on fishes; Juveniles feed on invertebrates, taking increasingly more fish with age. Adults piscivorous","occasionally",3,60,"commercial","4","fusiform"
"47","Gobiesociformes","","","Gobiesocidae","Diplecogaster bimaculata","Two-spotted clingfish","","Benthopelagic","",3.4,6,3,0.00537,3.05,1.268631817,0.001268632,"<10","very small",1,10,"low","least concern","Sediment sifter",1,1,"Feeds mainly on benthic organisms","frequently",4,4,"of no interest","1","fusiform"
"48","Rajiformes","","","Rajidae","Dipturus batis","Common skate","Shelf","Demersal","Piscivore",4,285,100,0.00324,3.2,232299.6536,232.2996536,">10,000","very large",5,86,"very high","critically endangered","Lateral excavator",2,10,"Feeds on all kinds of bottom invertebrates and fish, including other skates ","very frequently",5,50,"minor commercial","2","flat"
"49","Rajiformes","","","Rajidae","Dipturus nidarosiensis","Norwegian skate","","Bathydemersal","",3.5,200,100,0.00282,3.25,84839.20578,84.83920578,">10,000","very large",5,90,"very high","near threatened","Lateral excavator",2,10,"Feed on all kinds of bottom animals, mainly invertebrates and small fishes","very frequently",5,50,"of no interest","2","flat"
"50","Rajiformes","","","Rajidae","Dipturus oxyrinchus","Longnosed skate","","Bathydemersal","",3.5,150,75,0.00141,3.22,14329.56368,14.32956368,">10,000","very large",5,90,"very high","near threatened","Lateral excavator",2,10," Feeds on all kinds of bottom animals, mainly cephalopods and crustaceans","very frequently",5,50,"minor commercial","2","flat"
"51","Perciformes","Percoidei","","Trachinidae","Echiichthys vipera","Lesser weever","Inner shelf","Demersal","Benthopiscivore",4.4,27.7,10,0.00708,3.05,177.6628208,0.177662821,"100-1000","medium",3,18,"low","not evaluated","Lateral excavator",2,6,"Rest on the bottom, often buried with eyes and tip of first dorsal fin exposed","very frequently",5,30,"minor commercial","2","elongated"
"52","Ophidiiformes","","","Carapidae","Echiodon drummondii","Pearlfish","","Bathydemersal","",4,30,15,0.00102,3.06,33.77467753,0.033774678,"10-100","small",2,20,"low","least concern","Sediment sifter",1,2,"Free-living, fairly deep. Assumed to feed on small invertebrates and fish","occasionally",3,6,"of no interest","1","eel-like"
"53","Gadiformes","","","Gaidropsaridae","Enchelyopus cimbrius","Four-bearded rockling","Shelf","Demersal","Benthivore",3.5,41,30,0.00407,3.06,350.5201677,0.350520168,"100-1000","medium",3,46,"moderate to high","least concern","Vertical excavator",4,12,"It feeds mainly on crustaceans, and to a lesser extent on worms and molluscs (Wheeler, 1978). Feed on flatfishes, amphipods, decapods, copepods, mysids, shrimps, isopods and other small crustaceans (FishBase).","very frequently",5,60,"minor commercial","4","elongated"
"54","Syngnathiformes","","","Syngnathidae","Entelurus aequoreus","Snake pipefish","","Demersal","",3.5,40,32,0.00062,2.99,38.24292164,0.038242922,"10-100","small",2,44,"moderate","least concern","Sediment sifter",1,2,"Feed on small crustaceans and fish fry ","occasionally",3,6,"of no interest","1","eel-like"
"55","Perciformes","Scorpaenoidei","","Triglidae","Eutrigla gurnardus","Grey gurnard","Shelf","Demersal","Benthivore",3.6,60,30,0.00692,3.04,1760.702154,1.760702154,"1,000-10,000","large",4,27,"low to moderate","not evaluated","Sediment sifter",1,4,"Feeds on crustaceans, mostly shrimps and shore crabs; fishes, mostly gobies, flatfish, young herring and sand eels.","frequently",4,16,"commercial","1","elongated"
"56","Gadiformes","","","Gadidae","Gadiculus argenteus","Silvery pout","","Pelagic-oceanic","",3.6,16.1,10,0.00676,3.08,35.23468507,0.035234685,"10-100","small",2,25,"low to moderate","not evaluated","Vertical excavator",4,8,"Occurs in large schools over mud, muddy sand, gravel and rock bottoms. Feeds on small crustaceans and maybe worms. ","occasionally",3,24,"minor commercial","4","fusiform"
"57","Gadiformes","","","Gadidae","Gadus morhua","Atlantic cod","Shelf","Demersal","Piscivore",4.4,200,100,0.00676,3.08,82626.44784,82.62644784,">10,000","very large",5,65,"high to very high","vulnerable","Vertical excavator",4,20,"Feed on wide range of crustaceans, worms, brittlestars and fishes especially","very frequently",5,100,"highly commercial","4","fusiform"
"58","Gadiformes","","","Gaidropsaridae","Gaidropsarus argentatus","Arctic rockling","","Bathydemersal","",3.4,35,17.5,0.00479,3.08,272.938682,0.272938682,"100-1000","medium",3,33,"moderate to high","not evaluated","Sediment sifter",1,3," Feeds on decapod, amphipod, and euphausiid crustaceans, sometimes fishes are included in the diet","frequently",4,12,"commercial","1","elongated"
"59","Gadiformes","","","Gaidropsaridae","Gaidropsarus macrophthalmus","Bigeye rockling","Outer shelf","Demersal","Benthivore",3.5,25,12.5,0.00479,3.06,90.78872978,0.09078873,"10-100","small",2,15,"low","least concern","Sediment sifter",1,2,"Feed on crustaceans","occasionally",3,6,"subsistence fisheries","1","elongated"
"60","Gadiformes","","","Gaidropsaridae","Gaidropsarus mediterraneus","Shore rockling","Shelf","Demersal","Benthivore",3.4,50,25,0.00417,3.08,712.7933976,0.712793398,"100-1000","medium",3,26,"low to moderate","not evaluated","Vertical excavator",4,12,"Feeds on fish, crustaceans, worms and algae(FishBase); feeds on crustaceans, small worms, and occasionaly fishes","frequently",4,48,"minor commercial","4","elongated"
"61","Gadiformes","","","Gaidropsaridae","Gaidropsarus vulgaris","Three-bearded rockling","Shelf","Demersal","Benthivore",3.3,60,25,0.0049,3.01,1102.633908,1.102633908,"1,000-10,000","large",4,44,"moderate","least concern","Sediment sifter",1,4," Feed on shrimps, crabs, isopods, small fish, mollusks and polychaetes","frequently",4,16,"minor commercial","1","elongated"
"62","Carcharhiniformes","","","Triakidae","Galeorhinus galeus","Tope shark","Shelf","Benthopelagic","Piscivore",4.2,175,160,0.00479,2.99,24379.19039,24.37919039,">10,000","very large",5,76,"very high","critically endangered","Vertical excavator",4,20,"Feeds on fishes (bottom as well as pelagic species), crustaceans, cephalopods, worms, and echinoderms ","occasionally",3,60,"highly commercial","4","elongated"
"63","Carcharhiniformes","","","Scyliorhinidae","Galeus melastomus","Blackmouth catshark","Slope","Bathydemersal","Benthopiscivore",4.2,61,50,0.00269,3.02,662.9005536,0.662900554,"100-1000","medium",3,35,"moderate","least concern","Sediment sifter",1,3,"Feeds mainly on bottom invertebrates, including shrimps and cephalopods, but also on small pelagic bony fishes (lanternfishes) and other small elasmobranchs","occasionally",3,9,"minor commercial","1","elongated"
"64","Perciformes","Gasterosteoidei","","Gasterosteidae","Gasterosteus aculeatus","Three-spined stickleback","Coastal","Demersal","Benthivore",3.5,11,5.1,0.00977,3.09,16.13607712,0.016136077,"10-100","small",2,26,"low to moderate","least concern","Nest-builder",3,6,"""Following construction of a pit in a sandy substratum, the male lays down a mat of filamentous algae and other vegetation, may cover this partly with substratum carried to the nest by mouth, and finally forms a tunnel through which the female can pass during spawning""","rarely",2,12,"minor commercial","3","fusiform"
"65","Pleuronectiformes","","","Pleuronectidae","Glyptocephalus cynoglossus","Witch","Shelf","Demersal","Benthivore",3.1,60,30,0.00457,3.08,1369.689263,1.369689263,"1,000-10,000","large",4,68,"high to very high","vulnerable","Lateral excavator",2,8,"Feeds on crustaceans, polychaetes, brittle stars and fishes","frequently",4,32,"commercial","2","flat"
"66","Gobiiformes","","","Gobiidae","Gobius cobitis","Giant goby","Coastal","Demersal","Benthivore",3,15.7,7.85,0.00912,3.1,46.4818881,0.046481888,"10-100","small",2,10,"low","not evaluated","Vertical excavator",4,8,"Macrobenthos feeder on hard substrates, feeds on green algae (Enteromorpha), crustaceans (amphipods, crabs), polychaetes, and insects","rarely",2,16,"minor commercial","4",NA
"67","Gobiiformes","","","Gobiidae","Gobius niger","Black goby","Inner shelf","Demersal","Benthivore",3.2,25.3,12.65,0.00832,3.1,186.1216706,0.186121671,"100-1000","medium",3,34,"low to moderate","least concern","Vertical excavator",4,12,"Feed on crustaceans (larger amphipods, isopods, shrimps, mysids, small crabs), bivalves, gastropods, polychaetes, chironomid larvae, sometimes small fish","frequently",4,48,"of no interest","4","fusiform"
"68","Gobiiformes","","","Gobiidae","Gobius paganellus","Rock goby","Coastal","Demersal","Benthivore",3.3,13,6.5,0.00871,3.1,24.73104953,0.02473105,"10-100","small",2,19,"low","least concern","Vertical excavator",4,8,"Macrobenthos feeder on hard substrates, they feed on crustaceans (larger amphipods, isopods, small crabs) and polychaetes; juveniles eat harpacticoid copepods, amphipods, polychaetes and mites","rarely",2,16,"minor commercial","4","fusiform"
"69","Perciformes","Uranoscopoidei","","Ammodytidae","Gymnammodytes semisquamatus","Smooth sandeel","","Demersal","",2.7,30,15,0.0024,3.1,91.05150556,0.091051506,"10-100","small",2,27,"low to moderate","least concern","Burrower",5,10,"has ability to burrow (Corbin, 1950)","occasionally",3,30,"commercial","5","elongated"
"70","Perciformes","Scorpaenoidei","","Sebastidae","Helicolenus dactylopterus","Bluemouth redfish","Slope","Bathydemersal","Benthopiscivore",3.8,50,25,0.01047,3.08,1789.675509,1.789675509,"1,000-10,000","large",4,68,"high to very high","least concern","Sediment sifter",1,4,"They feed on both benthic and pelagic organisms (crustaceans, fishes, cephalopods, and echinoderms)","occasionally",3,12,"commercial","1","fusiform"
"71","Syngnathiformes","","","Syngnathidae","Hippocampus hippocampus","Short snouted seahorse","","Demersal","",3.2,15,7.5,0.00282,2.96,8.540420122,0.00854042,"<10","very small",1,10,"low","least concern","Sediment sifter",1,1,"Feeds on small prey and organic debris (food items include: benthic crustaceans and worms","occasionally",3,3,"minor commercial","1","eel-like"
"72","Pleuronectiformes","","","Pleuronectidae","Hippoglossoides platessoides","Long rough dab","Shelf","Demersal","Benthopiscivore",3.7,82.6,41.3,0.00646,3.06,4744.511054,4.744511054,"1,000-10,000","large",4,66,"high to very high","endangered","Sediment sifter",1,4,"Live on soft bottoms. Feed on invertebrates and small fishes (Fishbase); its food consists of crustaceans of various kinds, worms, molluscs, and brittlestars, and rather few fish (Wheeler)","very frequently",5,20,"highly commercial","1","flat"
"73","Pleuronectiformes","","","Pleuronectidae","Hippoglossus hippoglossus","Halibut","Slope","Demersal","Piscivore",4.5,470,235,0.0055,3.17,1625222.773,1625.222773,">10,000","very large",5,88,"very high","near threatened","Lateral excavator",2,10,"Feed mainly on other fishes (cod, haddock, pogge, sand-eels, herring, capelin), but also takes cephalopods, large crustaceans and other bottom-living animals.","very frequently",5,50,"commercial","2","flat"
"74","Perciformes","Uranoscopoidei","","Ammodytidae","Hyperoplus immaculatus","Corbin's sandeel","","Demersal","",4.4,35,17.5,0.00316,3.06,167.7008633,0.167700863,"100-1000","medium",3,33,"low to moderate","not evaluated","Burrower",5,15,"For their winter hibernation (and when not feeding) sandeel bury themselves down to depths of twenty to thirty centimetres into the sand and sediment of the seabed (British seafishing website)","frequently",4,60,NA,"5","elongated"
"75","Perciformes","Uranoscopoidei","","Ammodytidae","Hyperoplus lanceolatus","Greater sandeel","","Demersal","",4,40,20,0.00269,3.01,178.6293648,0.178629365,"100-1000","medium",3,32,"low to moderate","least concern","Burrower",5,15,"For their winter hibernation (and when not feeding) sandeel bury themselves down to depths of twenty to thirty centimetres into the sand and sediment of the seabed (British seafishing website)","frequently",4,60,"highly commercial","5","elongated"
"76","Perciformes","Cottoidei","","Cottidae","Icelus bicornis","Twohorn sculpin","Shelf","Demersal","Benthivore",3.1,15.7,7,0.00776,3.19,50.67358291,0.050673583,"10-100","small",2,10,"low","not evaluated","Vertical excavator",4,8,"Feeds on benthic polychaetes, crustaceans (Hyppolyte, Boreophausia), and large hyperiids (Phascolosoma)","frequently",4,32,NA,"4","elongated"
"77","Eupercaria","","*","Labridae","Labrus bergylta","Ballan wrasse","Coastal","Reef-associated","Benthivore",3.1,65.9,50,0.00955,3.07,3664.220452,3.664220452,"1,000-10,000","large",4,67,"high to very high","least concern","Nest-builder",3,12,"Eggs are laid in nest built from algae; Feed on crustaceans and mollusks","occasionally",3,36,"subsistence fisheries","3","fusiform"
"78","Eupercaria","","*","Labridae","Labrus mixtus","Cuckoo wrasse","Coastal","Reef-associated","Benthopiscivore",3.9,40,30,0.00851,3.1,787.6178193,0.787617819,"100-1000","medium",3,58,"high","least concern","Nest-builder",3,9,"Feed mainly on crustaceans but also fishes and mollusks and worms; Males build dish shaped nests and guard the eggs","occasionally",3,27,"subsistence fisheries","3","fusiform"
"79","Gobiiformes","","","Gobiidae","Lebetus scorpioides","Diminutive goby","Shelf","Reef-associated","Benthivore",3.2,4,2,0.00977,3.05,0.670158511,0.000670159,"<10","very small",1,10,"low","least concern","Vertical excavator",4,4,"Feeds on small crustaceans (decapods, amphipods), polychaetes and bivalves","frequently",4,16,NA,"4",NA
"80","Pleuronectiformes","","","Scophthalmidae","Lepidorhombus boscii","Four-spotted megrim","Outer shelf","Demersal","Piscivore",3.7,40,20,0.00468,3.12,466.3081715,0.466308171,"100-1000","medium",3,48,"moderate to high","least concern","Sediment sifter",1,3,"Flatfish, inhabits soft bottoms.","very frequently",5,15,"minor commercial","1","flat"
"81","Pleuronectiformes","","","Scophthalmidae","Lepidorhombus whiffiagonis","Megrim","Outer shelf","Demersal","Piscivore",4.2,60,25,0.00479,3.1,1558.132512,1.558132512,"1,000-10,000","large",4,60,"high","least concern","Sediment sifter",1,4,"Flatfish, inhabits soft bottoms.","very frequently",5,20,"highly commercial","1","flat"
"82","Perciformes","Scorpaenoidei","","Triglidae","Lepidotrigla dieuzeidei","Spiny gurnard","","Demersal","",3.7,20,10,0.00933,3.06,89.33742499,0.089337425,"10-100","small",2,10,"low","least concern","Sediment sifter",1,2,"Feeds on crustaceans, mainly amphipods","occasionally",3,6,"commercial","1","fusiform"
"83","Perciformes","Cottoidei","","Agonidae","Leptagonus decagonus","Atlantic poacher","","Demersal","",3.2,21,10.5,0.00389,3.12,51.91272195,0.051912722,"10-100","small",2,11,"low","not evaluated","Sediment sifter",1,2,"Inhabits muddy bottoms. Feeds on pelagic and benthic crustaceans and polychaetes ","occasionally",3,6,NA,"1","elongated"
"84","Perciformes","Zoarcoidei","","Stichaeidae","Leptoclinus maculatus","Spotted snake blenny","Shelf","Demersal","Benthivore",3.3,20,10,0.00355,2.95,24.44932313,0.024449323,"10-100","small",2,59,"high","not evaluated","Vertical excavator",4,8,"Food consists of polychaetes and crustaceans","frequently",4,32,"bycatch","4","elongated"
"85","Gobiiformes","","","Gobiidae","Lesueurigobius friesii","Friess goby","Shelf","Demersal","Benthivore",3.2,13,6.5,0.00603,3.05,15.06067846,0.015060678,"10-100","small",2,21,"low","least concern","Burrower",5,10,"Cryptobenthic, burrowing in muddy sand or mud; often associated with a decapod crustacean Nephrops norvegicus; Feed on polychaetes, small crustaceans and mollusks. Eggs are deposited in burrows","very frequently",5,50,NA,"5","fusiform"
"86","Rajiformes","","","Rajidae","Leucoraja circularis","Sandy ray","Outer shelf","Demersal","Piscivore",3.5,120,70,0.00269,3.2,12109.66886,12.10966886,">10,000","very large",5,72,"high to very high","endangered","Lateral excavator",2,10,"Feed on all kinds of bottom animals","very frequently",5,50,"minor commercial","2","flat"
"87","Rajiformes","","","Rajidae","Leucoraja fullonica","Shagreen ray","Outer shelf","Demersal","Piscivore",3.5,120,60,0.00339,3.25,19388.25611,19.38825611,">10,000","very large",5,38,"moderate","vulnerable","Lateral excavator",2,10,"Feed on all kinds of bottom animals, probably preferring fish","very frequently",5,50,"minor commercial","2","flat"
"88","Rajiformes","","","Rajidae","Leucoraja naevus ","Cuckoo ray","Shelf","Demersal","Piscivore",3.9,81,40,0.00245,3.22,3423.638056,3.423638056,"1,000-10,000","large",4,48,"moderate to high","least concern","Lateral excavator",2,8,"Feed on all kinds of bottom animals","very frequently",5,40,"minor commercial","2",NA
"89","Pleuronectiformes","","","Pleuronectidae","Limanda limanda","Common dab","Shelf","Demersal","Benthivore",3.3,40,20,0.00776,3.09,692.1928269,0.692192827,"100-1000","medium",3,40,"moderate","least concern","Lateral excavator",2,6,"Adults live mainly on sandy bottoms, from a few meters to about 100 m. Feed mainly on crustaceans and small fishes. (FishBase); eats almost any bottom-living invertebrate abundant locally which is small enough to be captured. Numerous kinds of small crustaceans, polychaete worms, and molluscs make up its bulk (Wheeler)","very frequently",5,30,"commercial","2","flat"
"90","Perciformes","Cottoidei","","Liparidae","Liparis fabricii","Gelatinous snailfish","","Demersal","",3.3,21,10.5,0.01148,3.05,123.7971757,0.123797176,"100-1000","medium",3,25,"low to moderate","not evaluated","Vertical excavator",4,12,"Inhabits mud bottoms. Feeds on benthic and pelagic crustaceans and worms ","frequently",4,48,"of no interest","4","fusiform"
"91","Perciformes","Cottoidei","","Liparidae","Liparis liparis","Striped seasnail","Inner shelf","Demersal","Benthivore",3.6,15,7.5,0.00525,3.15,26.59786451,0.026597865,"10-100","small",2,10,"low","least concern","Vertical excavator",4,8,"Feeds primarily on crustaceans, occasionally fishes and polychaetes ","frequently",4,32,"of no interest","4",NA
"92","Perciformes","Cottoidei","","Liparidae","Liparis montagui","Montagus seasnail","Inner shelf","Demersal","Benthivore",3.5,15.5,7.75,0.00724,3.18,44.15637026,0.04415637,"10-100","small",2,10,"low","least concern","Sediment sifter",1,2,"Feeds primarily on crustaceans; gammarid amphipods in intertidal; shrimps and small crabs in subtidal areas.","occasionally",3,6,"of no interest","1","elongated"
"93","Blenniiformes","","","Blenniidae","Lipophrys pholis","Shanny","Coastal","Reef-associated","Benthivore",3.1,17,8.5,0.01072,3.01,54.18087803,0.054180878,"10-100","small",2,33,"low to moderate","least concern","Vertical excavator",4,8,"Feeds on small benthic invertebrates, especially gastropods, barnacles and amphipods, and algae. Also, diet of crabs, polychaetes, isopods, copepods, limpets, mussels and small molluscs","frequently",4,32,"of no interest","4",NA
"94","Lophiiformes","","","Lophiidae","Lophius budegassa","Blackbellied angler","","Bathydemersal","",4.4,100,50,0.01259,2.97,10965.4316,10.9654316,">10,000","very large",5,68,"high to very high","data deficient","Sediment sifter",1,5,"Rests on the seabed","very frequently",5,25,"commercial","1","fusiform"
"95","Lophiiformes","","","Lophiidae","Lophius piscatorius","Angler","Shelf","Demersal","Piscivore",4.4,200,100,0.01698,2.91,84320.84951,84.32084951,">10,000","very large",5,64,"high","least concern","Lateral excavator",2,10,"It lies half-buried in the sediment waiting for its prey.","very frequently",5,50,"highly commercial","2","fusiform"
"96","Perciformes","Zoarcoidei","","Stichaeidae","Lumpenus lampretaeformis","Snake blenny","Shelf","Demersal","Benthivore",3.6,50,25,0.00129,2.98,149.1146533,0.149114653,"100-1000","medium",3,50,"moderate to high","not evaluated","Burrower",5,15,"living in Y-shaped tubes in the mud in 50-200 m depth. The burrows are believed to be used for parental care of the eggs. Feeds on small crustaceans, mollusks, brittle stars and worms","very frequently",5,75,"of no interest","5","eel-like"
"97","Perciformes","Zoarcoidei","","Zoarcidae","Lycenchelys sarsii","Sars eelpout","Outer shelf","Demersal","Benthivore",3.2,20,10,0.00132,3.05,12.26635185,0.012266352,"10-100","small",2,10,"low","not evaluated","Vertical excavator",4,8,"Found in muddy bottoms. Feeds on polychaetes, crustaceans and bivalves","very frequently",5,40,NA,"4","eel-like"
"98","Perciformes","Zoarcoidei","","Zoarcidae","Lycodes esmarkii","Greater eelpout","Outer shelf","Demersal","Benthivore",3.4,75,47.5,0.00224,3.22,2443.122742,2.443122742,"1,000-10,000","large",4,50,"moderate to high","not evaluated","Sediment sifter",1,4,"Inhabits soft bottom areas; Feeds almost exclusively on ophiuroids (brittle stars)","very frequently",5,20,NA,"1","eel-like"
"99","Perciformes","Zoarcoidei","","Zoarcidae","Lycodes gracilis","Gracile eelpout","","Demersal","",3.6,28,14,0.00263,3.22,120.1723653,0.120172365,"100-1000","medium",3,18,"low","not evaluated","Vertical excavator",4,12,"Food items include bivales, brittel stars, and worms","very frequently",5,60,NA,"4","eel-like"
"100","Perciformes","Zoarcoidei","","Zoarcidae","Lycodonus flagellicauda","Eelpout sp.","","Demersal","",3.5,19.9,9.95,0.0012,3.1,12.75339418,0.012753394,"10-100","small",2,14,"low","not evaluated","Sediment sifter",1,2,"Inhabits muddy bottoms with temperatures below 0°C. Feeds on small crustaceans like Themisto, Podocerus and Hemilamprops","frequently",4,8,NA,"1","eel-like"
"101","Syngnathiformes","","","Centriscidae","Macroramphosus scolopax","Snipefish","Slope","Bathydemersal","Planktivore",3.5,20,12,0.00891,2.83,42.83439052,0.042834391,"10-100","small",2,27,"low to moderate","least concern","Sediment sifter",1,2,"adults normally live close to the bottom (normally in 50-350 m depth, adults feed on bottom invertebrates","frequently",4,8,"commercial","1","compressiform"
"102","Gadiformes","","","Macrouridae","Macrourus berglax","Roughhead grenadier","Slope","Bathydemersal","Benthivore",4.5,110,55,0.00398,3.19,12939.74559,12.93974559,">10,000","very large",5,75,"high to very high","not evaluated","Vertical excavator",4,20,"Amphipods predominate in the diet, although polychaetes and various natant crustaceans are also important. Also feed on bivalves, isopods, echinoderms (notably ophiuroids), and ctenophores","frequently",4,80,"commercial","4","elongated"
"103","Gadiformes","","","Gadidae","Melanogrammus aeglefinus","Haddock","Shelf","Demersal","Benthivore",4.1,112,35,0.00661,3.08,13545.4354,13.5454354,">10,000","very large",5,55,"moderate to high","vulnerable","Vertical excavator",4,20,"Feed mainly on small bottom-living organisms including crustaceans, mollusks, echinoderms, worms and fishes","frequently",4,80,"highly commercial","4","fusiform"
"104","Gadiformes","","","Gadidae","Merlangius merlangus","Whiting","Shelf","Demersal","Piscivore",4.4,91.5,23.5,0.00617,3.09,7097.025157,7.097025157,"1,000-10,000","large",4,46,"moderate to high","least concern","Vertical excavator",4,16,"Feed on shrimps, crabs, mollusks, small fish, polychaetes and cephalopods","occasionally",3,48,"highly commercial","4","fusiform"
"105","Perciformes","Cottoidei","","Cottidae","Micrenophrys lilljeborgii","Norway bullhead","Inner shelf","Demersal","Benthivore",3.8,7.4,6,0.00676,3.17,3.849561369,0.003849561,"<10","very small",1,10,"low","least concern","Sediment sifter",1,1,"Feeds on small crustaceans (amphipods, decapods) and fishes","occasionally",3,3,NA,"1","fusiform"
"106","Pleuronectiformes","","","Soleidae","Microchirus variegatus","Thickback sole","Shelf","Demersal","Benthivore",3.3,35,14,0.00813,3.05,416.387881,0.416387881,"100-1000","medium",3,44,"moderate","least concern","Lateral excavator",2,6,"Feeds on a wide range of small bottom-living organisms, mainly crustaceans (amphipods, shrimps), also polychaete worms and bivalve mollusks","very frequently",5,30,"commercial","2","flat"
"107","Pleuronectiformes","","","Pleuronectidae","Microstomus kitt","Lemon sole","Shelf","Demersal","Benthivore",3.3,65,32.5,0.00759,3.09,3034.89764,3.03489764,"1,000-10,000","large",4,29,"low to moderate","least concern","Lateral excavator",2,8,"Feeds on a variety of small invertebrates, but polychaetes seem to dominate. (FishBase); Rather specialised feeder on polychaete worms, but it also eats numerous crustaceans and molluscs (Wheeler)","very frequently",5,40,"commercial","2","flat"
"108","Gadiformes","","","Lotidae","Molva dypterygia","Blue ling","Slope","Demersal","Piscivore",4.5,155,77.5,0.00302,3.03,13083.13999,13.08313999,">10,000","very large",5,75,"very high","not evaluated","Sediment sifter",1,5,"Feed on crustaceans and fish (flatfishes, gobies, rocklings)","frequently",4,20,"commercial","1","elongated"
"109","Gadiformes","","","Lotidae","Molva macrophthalma","Spanish ling","","Demersal","",4.5,108,54,0.00224,3.01,2957.014964,2.957014964,"1,000-10,000","large",4,65,"high","least concern","Sediment sifter",1,4,"very similar to M. diptreygia as far as morphology, ecology and habitatpreferences are concerned (Bayhan et al., 2019), so class as same mode","frequently",4,16,"of no interest","1","elongated"
"110","Gadiformes","","","Lotidae","Molva molva","Common ling","Slope","Demersal","Piscivore",4.3,200,106,0.00389,3.06,42766.27143,42.76627143,">10,000","very large",5,77,"very high","not evaluated","Vertical excavator",4,20,"Feeds on fish (cod, herring, flatfish), lobsters, cephalopods and starfishes","occasionally",3,60,"highly commercial","4","elongated"
"111","Gadiformes","","","Moridae","Mora moro","Common mora","","Bathypelagic","",3.8,80,45,0.00603,3.15,5957.317834,5.957317834,"1,000-10,000","large",4,69,"high to very high","least concern","Vertical excavator",4,16,"Feeds on fishes, crustaceans, mollusks and other invertebrates","occasionally",3,48,"minor commercial","4","fusiform"
"112","Mulliformes","","","Mullidae","Mullus barbatus","Red mullet","Inner shelf","Demersal","Benthivore",3.2,38.2,20,0.00871,3.09,673.897657,0.673897657,"100-1000","medium",3,42,"moderate","least concern","Sediment sifter",1,3,"Feeds on small benthic crustaceans, worms and mollusks; uses sensory barbels to sift sediment and detect prey","very frequently",5,15,"commercial","1",NA
"113","Mulliformes","","","Mullidae","Mullus surmuletus","Striped red mullet","Inner shelf","Demersal","Benthivore",3.4,40,25,0.00891,3.11,855.626599,0.855626599,"100-1000","medium",3,42,"moderate","least concern","Sediment sifter",1,3,"Feed on benthic organisms such as shrimps and amphipods, polychaetes, mollusks, and benthic fishes","very frequently",5,15,"commercial","1","fusiform"
"114","Carcharhiniformes","","","Triakidae","Mustelus asterias","Starry smoothhound","Shelf","Demersal","Carcinophage",3.7,140,78.5,0.0017,3.13,8868.081445,8.868081445,"1,000-10,000","large",4,71,"high to very high","near threatened","Vertical excavator",4,16,"Feeds primarily on crustaceans (crabs, hermit crabs, lobsters and slipper lobsters)","frequently",4,64,"commercial","4","elongated"
"115","Carcharhiniformes","","","Triakidae","Mustelus mustelus","Smoothhound","Shelf","Demersal","Carcinophage",3.8,110,100,0.00191,3.12,4468.672682,4.468672682,"1,000-10,000","large",4,74,"high to very high","endangered","Vertical excavator",4,16,"Feeds mainly on crustaceans, but also cephalopods and bony fishes","occasionally",3,48,"highly commercial","4","elongated"
"116","Myliobatiformes","","","Myliobatidae","Myliobatis aquila","Common eagle ray","Shelf","Benthopelagic","Benthivore",3.6,183,91.5,0.00389,3.08,36165.8734,36.1658734,">10,000","very large",5,83,"very high","critically endangered","Lateral excavator",2,10,"Feeds on benthic crustaceans, mollusks and fish","very frequently",5,50,"minor commercial","2","flat"
"117","Perciformes","Cottoidei","","Cottidae","Myoxocephalus quadricornis","Fourhourn sculpin","","Demersal","",3.9,60,30,0.00724,3.14,2774.172692,2.774172692,"1,000-10,000","large",4,44,"moderate","least concern","Nest-builder",3,12,"Spawning takes place in shallow waters, male digs a groove in the gravel where pairing and egg laying occur.","rarely",2,24,"subsistence fisheries","3","fusiform"
"118","Perciformes","Cottoidei","","Cottidae","Myoxocephalus scorpioides","Arctic sculpin","","Demersal","",3.4,22,11,0.00676,3.17,121.738121,0.121738121,"100-1000","medium",3,12,"low","not evaluated","Sediment sifter",1,3,"Feeds on fishes, large crustaceans, occasionally polychaetes and amphipods","occasionally",3,9,NA,"1","elongated"
"119","Perciformes","Cottoidei","","Cottidae","Myoxocephalus scorpius","Shorthorn sculpin","Inner shelf","Demersal","Benthopiscivore",3.9,60,24,0.00871,3.15,3476.919164,3.476919164,"1,000-10,000","large",4,44,"moderate","not evaluated","Sediment sifter",1,4,"Found on rocky bottoms among algae. Feeds on small benthic amphipods","rarely",2,8,"commercial","1","fusiform"
"120","Myxiniformes","","","Myxinidae","Myxine glutinosa","Atlantic Hagfish","Shelf","Demersal","Scavenger",3.5,95,30,0.00115,3.03,1130.317273,1.130317273,"1,000-10,000","large",4,58,"high","least concern","Burrower",5,20,"Found on muddy bottoms where they hide in the mud","very frequently",5,100,"of no interest","5","eel-like"
"121","Syngnathiformes","","","Syngnathidae","Nerophis lumbriciformis","Worm pipefish","","Demersal","",4,15,7.5,0.00085,3.04,3.196953749,0.003196954,"<10","very small",1,10,"low","least concern","Sediment sifter",1,1,"Feed on small crustaceans and fish fry","occasionally",3,3,NA,"1","eel-like"
"122","Syngnathiformes","","","Syngnathidae","Nerophis ophidion","Straightnose pipefish","","Demersal","",3.5,29,14.5,0.00085,3.04,23.71968074,0.023719681,"10-100","small",2,17,"low","least concern","Sediment sifter",1,2,"Feed on small crustaceans and fish fry","occasionally",3,6,"of no interest","1","eel-like"
"123","Gadiformes","","","Macrouridae","Nezumia aequalis","Common Atlantic grenadier","","Benthopelagic","",3.3,36,25,0.00182,3.12,130.5374698,0.13053747,"100-1000","medium",3,26,"low to moderate","least concern","Vertical excavator",4,12,"Feeds on benthic as well as pelagic animals like mysids, amphipods, small shrimps, copepods, isopods, ostracods and polychaete worms","occasionally",3,36,"minor commercial","4","elongated"
"124","Ophidiiformes","","","Ophidiidae","Ophidion barbatum","Snake blenny","","Demersal","",3.6,25.4,12.7,0.00282,3.17,80.08883753,0.080088838,"10-100","small",2,15,"low","least concern","Burrower",5,10,"It lives buried inthe sand or mud, and in exceptional cases reaches lengths of30 cm (Matallanas 1980 in Hernandez et al., 2005). ","very frequently",5,50,"of no interest","5","elongated"
"125","Eupercaria","","*","Sparidae","Pagellus acarne","Axillary seabream","Inner shelf","Demersal","Benthopiscivore",3.5,36,25,0.01096,3.06,634.0101439,0.634010144,"100-1000","medium",3,37,"moderate","least concern","Vertical excavator",4,12,"Omnivorous, but prefer worms, mollusks and small crustaceans","frequently",4,48,"commercial","4","fusiform"
"126","Eupercaria","","*","Sparidae","Pagellus bogaraveo","Blackspot seabream","Shelf","Demersal","Piscivore",3.7,70,30,0.01096,3.03,4270.292418,4.270292418,"1,000-10,000","large",4,64,"high","near threatened","Vertical excavator",4,16,"Omnivorous, but feed mainly on crustaceans, mollusks, worms and small fish","frequently",4,64,"commercial","4","fusiform"
"127","Eupercaria","","*","Sparidae","Pagellus erythrinus","Common pandora","Inner shelf","Demersal","Benthopiscivore",3.4,60,25,0.01,3.02,2344.319371,2.344319371,"1,000-10,000","large",4,40,"moderate","least concern","Vertical excavator",4,16,"Omnivorous, but feed mainly on benthic invertebrates and small fishes","frequently",4,64,"commercial","4","fusiform"
"128","Eupercaria","","*","Sparidae","Pagrus pagrus","Red porgy","","Benthopelagic","",3.9,91,35,0.01318,3.03,11371.31863,11.37131863,">10,000","very large",5,48,"moderate to high","least concern","Vertical excavator",4,20,"Feeds on crustaceans, fishes, and mollusks (diet items include worms, benthic crustaceans, echinoderms)","frequently",4,80,"commercial","4","fusiform"
"129","Blenniiformes","","","Blenniidae","Parablennius gattorugine","Tompot blenny","Inner shelf","Reef-associated","Benthivore",2.9,30,17.5,0.01175,3.05,376.0604778,0.376060478,"100-1000","medium",3,20,"low","least concern","Sediment sifter",1,3,"Feeds mainly on small crustaceans but its diet has not been fully studied","frequently",4,12,"minor commercial","1","fusiform"
"130","Pleuronectiformes","","","Soleidae","Pegusa lascaris","Sand sole","Inner shelf","Demersal","Benthivore",3.2,40,30,0.00891,3.06,711.510441,0.711510441,"100-1000","medium",3,29,"low to moderate","least concern","Lateral excavator",2,6,"Feeds on a wide range of small marine bivalves; mainly on crustaceans such as amphipods, mysids, shrimps, decapods, bivalves and polychaetes","very frequently",5,30,"minor commercial","2","flat"
"131","Perciformes","Zoarcoidei","","Pholidae","Pholis gunnellus","Butterfish (gunnel)","Inner shelf","Demersal","Benthivore",3.5,25,12.5,0.00209,3.17,56.44378301,0.056443783,"10-100","small",2,34,"low to moderate","not evaluated","Vertical excavator",4,8,"Feeds on small crustaceans, polychaetes, mollusks and fish eggs","frequently",4,32,"of no interest","4","eel-like"
"132","Gadiformes","","","Phycidae","Phycis blennoides","Greater forkbeard","Outer shelf","Demersal","Benthopiscivore",3.7,110,55,0.00468,3.13,11476.381,11.476381,">10,000","very large",5,52,"moderate to high","not evaluated","Sediment sifter",1,5,"Feed mainly on crustaceans and fishes","occasionally",3,15,"commercial","1","fusiform"
"133","Pleuronectiformes","","","Pleuronectidae","Platichthys flesus","Flounder","Coastal","Demersal","Benthivore",3.2,60,50,0.00759,3.07,2183.56495,2.18356495,"1,000-10,000","large",4,49,"moderate to high","least concern","Lateral excavator",2,8,"Nocturnal and burrowing (FishBase); feeds on a range of bottom-living invertebrates, especially molluscs such as cockles, worms and crustaceans (brown shrimps particularly). (Wheeler)","very frequently",5,40,"commercial","2","flat"
"134","Pleuronectiformes","","","Pleuronectidae","Pleuronectes platessa","Plaice","Shelf","Demersal","Benthivore",3.3,100,40,0.00776,3.07,10711.78189,10.71178189,">10,000","very large",5,71,"high to very high","least concern","Lateral excavator",2,10,"Feed mainly on thin-shelled molluscs and polychaetes (FishBase); eat a wide range of bottom-living animals, especially molluscs, including burrowing species which often have their breathing siphons nipped off). They also eat large numbers of crustaceans and worms, and less often brittlestars and sandeels (Wheeler)","very frequently",5,50,"highly commercial","2","flat"
"135","Gadiformes","","","Gadidae","Pollachius pollachius","Pollack","Shelf","Demersal","Piscivore",4.2,130,75,0.00708,3.08,22960.36474,22.96036474,">10,000","very large",5,59,"high","least concern","Sediment sifter",1,5,"feeds mainly on fishes, especially sandeels and memebers of the herrring and cod families, and on large numbers of crustaceans. Young eat crustaceans. Lie on seabed to ambush fish shoal above","occasionally",3,15,"commercial","1","fusiform"
"136","Acropomatiformes","","","Polyprionidae","Polyprion americanus","Wreckfish","Shelf","Benthopelagic","Piscivore",3.8,210,80,0.01318,3,122059.98,122.05998,">10,000","very large",5,78,"very high","data deficient","Vertical excavator",4,20,"Feed on large crustaceans, cephalopods and benthic fishes ","frequently",4,80,"minor commercial","4","fusiform"
"137","Gobiiformes","","","Gobiidae","Pomatoschistus microps","Common goby","Inner shelf","Demersal","Benthivore",3.3,9,4.5,0.00776,3.08,6.744172195,0.006744172,"<10","very small",1,33,"low to moderate","least concern","Burrower",5,5,"Its burrowing habit allows it to survive low water levels and to avoid predators","very frequently",5,25,"of no interest","5","fusiform"
"138","Gobiiformes","","","Gobiidae","Pomatoschistus minutus","Sand goby","Inner shelf","Demersal","Benthivore",3.2,11,5.5,0.00631,3.06,9.698196422,0.009698196,"<10","very small",1,15,"low","least concern","Burrower",5,5,"Been shown to burrow into sediment to avoid predators","very frequently",5,25,"of no interest","5","fusiform"
"139","Gobiformes","","","Gobiidae","Pomatoschistus pictus","Painted goby","","Demersal","",3.1,6,3,0.00741,3.07,1.814439729,0.00181444,"<10","very small",1,10,"low","least concern","Sediment sifter",1,1,"Inhabits gravel and sand; young may occur in shore pools. Feeds on crustaceans (copepods and amphipods)","frequently",4,4,NA,"1","fusiform"
"140","Rajiformes","","","Rajidae","Raja brachyura","Blonde ray","Inner shelf","Demersal","Piscivore",4,120,60,0.00224,3.27,14098.42807,14.09842807,">10,000","very large",5,65,"high to very high","near threatened","Lateral excavator",2,10,"Feed on all kinds of benthic animals ","very frequently",5,50,"minor commercial","2","flat"
"141","Rajiformes","","","Rajidae","Raja clavata","Thornback ray","Inner shelf","Demersal","Benthopiscivore",3.8,105,85,0.002,3.26,7764.385871,7.764385871,"1,000-10,000","large",4,60,"high","near threatened","Lateral excavator",2,8,"Nocturnal species. Feeds on all kinds of bottom animals, preferably crustaceans and fishes","very frequently",5,40,"commercial","2","flat"
"142","Rajiformes","","","Rajidae","Raja microocellata","Small-eyed ray","Inner shelf","Demersal","Piscivore",3.9,87,43.5,0.00468,3.3,11766.8275,11.7668275,">10,000","very large",5,55,"moderate to high","near threatened","Lateral excavator",2,10,"Feed on fishes. Ambush predator","very frequently",5,50,"minor commercial","2","flat"
"143","Rajiformes","","","Rajidae","Raja montagui","Spotted ray","Inner shelf","Demersal","Benthopiscivore",3.7,102,50,0.0024,3.25,8093.973906,8.093973906,"1,000-10,000","large",4,58,"high","least concern","Lateral excavator",2,8,"Species buries itself to avoid predation and ambush potential prey. Feeds mainly on crustaceans  with prey size increasing as it grows, also preys on benthic worms, cephalopods and small fishes","very frequently",5,40,"minor commercial","2","flat"
"144","Rajiformes","","","Rajidae","Raja undulata","Undulate ray","Inner shelf","Demersal","Benthopiscivore",3.5,100,50,0.00302,3.19,7244.475415,7.244475415,"1,000-10,000","large",4,66,"high to very high","endangered","Lateral excavator",2,8,"Found on sandy bottoms of shelf waters. Feed on all kinds of bottom animals","very frequently",5,40,"commercial","2","flat"
"145","Rajiformes","","","Rajidae","Rajella fyllae","Round ray","Slope","Bathydemersal","Benthopiscivore",3.3,60,30,0.00302,3.24,1742.67738,1.74267738,"1,000-10,000","large",4,44,"moderate","least concern","Lateral excavator",2,8,"Feed on all kinds of bottom animals with preference for invertebrates like copepods, amphipods and mysids","very frequently",5,40,"of no interest","2","flat"
"146","Rajiformes","","","Rajidae","Rajella lintea","Sailray","Slope","Bathydemersal","Benthivore",3.5,125,62.5,0.00302,3.24,18792.96847,18.79296847,">10,000","very large",5,75,"high to very high","least concern","Lateral excavator",2,10,"Feed on all kinds of bottom animals, invertebrates and fishes","very frequently",5,50,"commercial","2","flat"
"147","Gadiformes","","","Ranicipitidae","Raniceps raninus","Tadpole fish","Inner shelf","Demersal","Benthivore",3.8,30,20,0.01072,3.06,354.9652384,0.354965238,"100-1000","medium",3,20,"low","least concern","Vertical excavator",4,12,"Feeds on sea stars, crustaceans, worms, mollusks and small fish","very frequently",5,60,"of no interest","4","fusiform"
"148","Rajiformes","","","Rajidae","Rostroraja alba","White skate","","Demersal","",4.4,230,115,0.00269,3.22,108271.9384,108.2719384,">10,000","very large",5,90,"very high","endangered","Lateral excavator",2,10,"A bottom-predator of bony fishes, other elasmobranchs, fish offal, crabs, shrimps, mysids, octopi, and cuttlefish","very frequently",5,50,"minor commercial","2","flat"
"149","Pleuronectiformes","","","Scophthalmidae","Scophthalmus maximus","Turbot","Shelf","Demersal","Piscivore",4,100,50,0.01122,3.06,14790.84061,14.79084061,">10,000","very large",5,60,"high","least concern","Lateral excavator",2,10,"Adults live on sandy, rocky or mixed bottoms; rather common in brackish waters. Feed mainly on other bottom-living fishes (sand-eels, gobies, etc.), and also, to a lesser extent, on larger crustaceans and bivalves","very frequently",5,50,"commercial","2","flat"
"150","Pleuronectiformes","","","Scophthalmidae","Scophthalmus rhombus","Brill","Shelf","Demersal","Piscivore",3.8,75,30,0.01096,3.01,4827.75205,4.82775205,"1,000-10,000","large",4,36,"moderate","least concern","Sediment sifter",1,4,"Lives on sandy or mixed bottoms; feeds on bottom-living fishes and larger crustaceans.","very frequently",5,20,"commercial","1","flat"
"151","Perciformes","Scorpaenoidei","","Scorpaenidae","Scorpaena porcus","Black Scorpionfish","","Demersal","",3.9,40.5,15,0.01318,3.03,978.3722601,0.97837226,"100-1000","medium",3,43,"moderate","least concern","Sediment sifter",1,3,"Solitary and sedentary. Common among rocks and algae. Feeds on small fishes (gobies, blennies), crustaceans and other invertebrates","occasionally",3,9,"minor commercial","1","fusiform"
"152","Perciformes","Scorpaenoidei","","Scorpaenidae","Scorpaena scrofa","Red scorpionfish","Slope","Bathydemersal","Piscivore",4.3,50,30,0.01318,3.02,1781.577927,1.781577927,"1,000-10,000","large",4,68,"high to very high","least concern","Sediment sifter",1,4,"Feeds on fishes, crustaceans and mollusks ","occasionally",3,12,"commercial","1","fusiform"
"153","Carcharhiniformes","","","Scyliorhinidae","Scyliorhinus canicula","Lesser spotted dogfish/smallspotted catshark","Inner shelf","Demersal","Benthopiscivore",3.7,65,60,0.00148,3.2,936.6653542,0.936665354,"100-1000","medium",3,62,"high","least concern","Vertical excavator",4,12,"Feed on a variety of benthic invertebrates, including mollusks, crustaceans, small cephalopods, polychaete worms, and small bony fishes","frequently",4,48,"minor commercial","4","elongated"
"154","Carcharhiniformes","","","Scyliorhinidae","Scyliorhinus stellaris","Nurse hound","Inner shelf","Reef-associated","Piscivore",4,162,125,0.00178,3.19,19896.32648,19.89632648,">10,000","very large",5,90,"very high","vulnerable","Vertical excavator",4,20,"Feed on bottom-living invertebrates such as mollusks and crustaceans and on demersal fishes (e.g. sharks, S. canicula). ","frequently",4,80,"minor commercial","4","elongated"
"155","Perciformes","Serranoidei","","Serranidae","Serranus cabrilla","Comber","Shelf","Demersal","Piscivore",3.3,40,25,0.00912,2.98,542.1676649,0.542167665,"100-1000","medium",3,55,"moderate to high","least concern","Sediment sifter",1,3,"Adults feed on fishes, cephalopods and crustaceans","occasionally",3,9,"minor commercial","1","fusiform"
"156","Perciformes","Serranoidei","","Serranidae","Serranus scriba","Painted comber","","Demersal","",3.8,36,25,0.00977,3.04,526.0828764,0.526082876,"100-1000","medium",3,44,"moderate","least concern","Sediment sifter",1,3," Feed on fishes and crustaceans","occasionally",3,9,"minor commercial","1","fusiform"
"157","Pleuronectiformes","","","Soleidae","Solea solea","Sole ","Inner shelf","Demersal","Benthivore",3.1,70,35,0.00724,3.07,3343.409322,3.343409322,"1,000-10,000","large",4,46,"moderate to high","data deficient","Lateral excavator",2,8,"They burrow into sandy and muddy bottoms. Adults feed on worms, mollusks and small crustaceans at night.","very frequently",5,40,"highly commercial","2","flat"
"158","Eupercaria","","*","Sparidae","Sparus aurata","Gilthead seabream","Inner shelf","Demersal","Benthopiscivore",3.4,70,35,0.01202,3.02,4488.492962,4.488492962,"1,000-10,000","large",4,40,"moderate","least concern","Vertical excavator",4,16,"Mainly carnivorous, accessorily herbivorous. Feed on shellfish, including mussels and oysters","occasionally",3,48,"commercial","4","fusiform"
"159","Perciformes","Gasterosteoidei","","Gasterosteidae","Spinachia spinachia","Sea stickleback","Coastal","Demersal","Benthivore",3.5,22,11,0.00468,3.04,56.39113071,0.056391131,"10-100","small",2,17,"low","not evaluated","Nest-builder",3,6,"Males build a nest from algae and debris, using kidney excrete as glue","rarely",2,12,"of no interest","3","elongated"
"160","Eupercaria","","*","Sparidae","Spondyliosoma cantharus","Black seabream","Inner shelf","Demersal","Benthopiscivore",3.3,60,30,0.0123,3.03,3004.024014,3.004024014,"1,000-10,000","large",4,37,"moderate","least concern","Nest-builder",3,12,"builds nests buy using its tail on rocky or sandy bottoms and female lays eggs in nest","occasionally",3,36,"commercial","3","compressiform"
"161","Squaliformes","","","Squalidae","Squalus acanthias","Piked dogfish","","Bathydemersal","",4.4,160,100,0.00275,3.08,16905.27502,16.90527502,">10,000","very large",5,64,"high","vulnerable","Vertical excavator",4,20,"Feeds on a diversity of prey, ranging from comb jellyfish, squid, mackarel and herring to a wide array of benthic fishes, shrimps, crabs and even sea cucumbers (mainly feeds on fish but also some benthic prey so probaby low freqeuncy)","rarely",2,40,"commercial","4","elongated"
"162","Squatiniformes","","","Squatinidae","Squatina squatina","Angelshark","Inner shelf","Demersal","Piscivore",4.1,183,150,0.00832,3.05,66160.55656,66.16055656,">10,000","very large",5,90,"very high","critically endangered","Lateral excavator",2,10,"Uses its large pectoral fins to fan out a depression in the seabed, then partly covers itself with sediment in ambush, leaving its eyes protruding. Feeds mainly on flatfishes, skates,
crustaceans and molluscs. Main prey items: common dab, plaice (Pleuronectiformes) (Ellis et al., 1996)","very frequently",5,50,"minor commercial","2",NA
"163","Eupercaria","","*","Labridae","Symphodus bailloni","Baillon's wrasse","Coastal","Reef-associated","Benthivore",3.3,20,18,0.01047,3.09,109.6804865,0.109680487,"100-1000","medium",3,14,"low","least concern","Nest-builder",3,9,"Males build dish shaped nests and guard the eggs ","rarely",2,18,NA,"3","fusiform"
"164","Eupercaria","","*","Labridae","Symphodus melops","Corkwing wrasse","Coastal","Reef-associated","Benthivore",3.2,28,20,0.00871,3.1,266.813655,0.266813655,"100-1000","medium",3,44,"moderate","least concern","Nest-builder",3,9,"Feed on mollusks, hydroids, bryozoans, worms and various crustaceans; Seaweed nest built by male among rocks or in crevices","occasionally",3,27,"subsistence fisheries","3","fusiform"
"165","Eupercaria","","*","Labridae","Symphodus roissali","Five-spotted wrasse","","Demersal","",3.5,17,12,0.01047,3.02,54.43803296,0.054438033,"10-100","small",2,31,"low to moderate","least concern","Nest-builder",3,6,"Nest of seaweed built by male. Feed on mollusks, bivalves, gastropods, shrimps, sea-urchins and hydroids","occasionally",3,18,"subsistence fisheries","3","fusiform"
"166","Syngnathiformes","","","Syngnathidae","Syngnathus acus","Greater pipefish","","Demersal","",3.3,50,25,0.00025,3.21,71.06139398,0.071061394,"10-100","small",2,40,"moderate","least concern","Sediment sifter",1,2,"Feeds mainly on small crustaceans, also molluscs","occasionally",3,6,"of no interest","1","eel-like"
"167","Syngnathiformes","","","Syngnathidae","Syngnathus typhle","Broadnosed pipefish","","Demersal","",4.3,35,17.5,0.00026,3.2,22.69818283,0.022698183,"10-100","small",2,25,"low to moderate","least concern","Sediment sifter",1,2,"Feeds on some benthic crustaceans","rarely",2,4,"of no interest","1","eel-like"
"168","Perciformes","Cottoidei","","Cottidae","Taurulus bubalis","Longspined bullhead","Inner shelf","Demersal","Benthivore",3.6,17.5,12,0.00794,3.12,59.99281138,0.059992811,"10-100","small",2,38,"moderate","least concern","Vertical excavator",4,8,"Feeds on mysids, amphipods (gammarids), decapods, polychaetes, mollusks, ophiuroids and fishes","occasionally",3,24,"of no interest","4","fusiform"
"169","Torpediniformes","","","Torpedinidae","Tetronarce nobiliana","Electric ray","Shelf","Demersal","Piscivore",4.5,180,40,0.0138,2.99,76408.88753,76.40888753,">10,000","very large",5,90,"very high","least concern","Lateral excavator",2,10,"Feeds mainly on pelagic and benthic bony fishes and small sharks. often seen resting on or half-buried in the substrate during the day, becoming more active at night.","very frequently",5,50,"of no interest","2","flat"
"170","Gobiiformes","","","Gobiidae","Thorogobius ephippiatus","Leopard-spotted goby","Inner shelf","Reef-associated","Benthivore",3,13,6.5,0.00708,3.09,19.5937795,0.019593779,"10-100","small",2,36,"moderate","least concern","Vertical excavator",4,8,"Feed on crustaceans (copepods, amphipods, decapods), polychaetes, gastropods, algae","frequently",4,32,NA,"4",NA
"171","Torpediniformes","","","Torpedinidae","Torpedo marmorata","Marbled electric ray","Shelf","Demersal","Piscivore",4.5,100,60,0.0182,2.93,13184.73447,13.18473447,">10,000","very large",5,60,"high","vulnerable","Lateral excavator",2,10,"Nocturnal, usually burying itself during the day with only the eyes and spiracle jutting out. Feeds on small benthic fishes (Trachurus, Mugil, Mullus, Dicentrarchus, Spondyliosoma, Boops, Labrus, Dascyllus, Pomacentrus) and crustaceans.","very frequently",5,50,"of no interest","2","flat"
"172","Carangiformes","","","Carangidae","Trachinotus ovatus","Pompano","Shelf","Pelagic","Piscivore",3.7,70,35,0.01072,2.91,2508.592282,2.508592282,"1,000-10,000","large",4,48,"moderate to high","least concern","Sediment sifter",1,4,"Adults feed on small crustaceans, mollusks and fishes ","occasionally",3,12,"minor commercial","1",NA
"173","Perciformes","Percoidei","","Trachinidae","Trachinus draco","Greater weever","Inner shelf","Demersal","Benthopiscivore",4.2,53,25,0.00562,3.05,1020.417077,1.020417077,"1,000-10,000","large",4,52,"moderate to high","least concern","Lateral excavator",2,8,"Rest on the bottom, often buried with eyes and tip of first dorsal fin exposed","very frequently",5,40,"minor commercial","2","fusiform"
"174","Perciformes","Scorpaenoidei","","Triglidae","Trigla lyra","Piper gurnard","Shelf","Demersal","Benthivore",3.7,60,30,0.00832,3,1797.12,1.79712,"1,000-10,000","large",4,63,"high","least concern","Sediment sifter",1,4,"Feeds on shrimps and crabs ","occasionally",3,12,"minor commercial","1","fusiform"
"175","Perciformes","Cottoidei","","Cottidae","Triglops murrayi","Moustache sculpin","Outer shelf","Demersal","Benthivore",3.5,20,10,0.00676,3.17,89.99363254,0.089993633,"10-100","small",2,39,"moderate","not evaluated","Vertical excavator",4,8,"Feeds on polychaetes and crustaceans","frequently",4,32,"of no interest","4","elongated"
"176","Perciformes","Cottoidei","","Cottidae","Triglops pingelii","Ripped sculpin","","Demersal","",3.4,20,10,0.00479,3.09,50.1785607,0.050178561,"10-100","small",2,42,"moderate","not evaluated","Vertical excavator",4,8,"Found on mud bottoms with some rocks.  Feeds on small crustaceans, usually amphipods and mysids, rarely polychaetes and fishes","occasionally",3,24,"of no interest","4","fusiform"
"177","Gadiformes","","","Gadidae","Trisopterus luscus","Bib","Inner shelf","Demersal","Benthivore",3.7,46,30,0.00741,3.1,1057.712133,1.057712133,"1,000-10,000","large",4,26,"low to moderate","not evaluated","Vertical excavator",4,16,"Feeds on benthic crustaceans but also on small fish, mollusks and polychaetes","frequently",4,64,"commercial","4","fusiform"
"178","Gadiformes","","","Gadidae","Trisopterus minutus","Poor cod","Shelf","Demersal","Benthivore",3.8,40,20,0.00741,3.11,711.581717,0.711581717,"100-1000","medium",3,7,"low","not evaluated","Vertical excavator",4,12,"Feeds on crustaceans, small fish, and polychaetes","frequently",4,48,"commercial","4","fusiform"
"179","Eupercaria","","*","Sciaenidae","Umbrina canariensis","Canary drum","","Demersal","",3.4,80,40,0.00851,3.13,7701.959301,7.701959301,"1,000-10,000","large",4,44,"moderate","least concern","Vertical excavator",4,16,"Feed on small shrimps, worms and other bottom invertebrates","frequently",4,64,"commercial","4","fusiform"
"180","Eupercaria","","*","Sciaenidae","Umbrina cirrosa","Shi drum","","Demersal","",3.4,104,40,0.00871,3.06,12946.13625,12.94613625,">10,000","very large",5,43,"moderate","vulnerable","Vertical excavator",4,20,"Feed on bottom invertebrates.","frequently",4,80,"minor commercial","4","fusiform"
"181","Pleuronectiformes","","","Scophthalmidae","Zeugopterus norvegicus","Norwegian topknot","Shelf","Demersal","Benthopiscivore",4,12,6,0.01047,3,18.09216,0.01809216,"10-100","small",2,23,"low","least concern","Sediment sifter",1,2,"small flatfish occuring on rocky bottoms; feeds on worms, crustaceans, and young fishes","very frequently",5,10,NA,"1",NA
"182","Pleuronectiformes","","","Scophthalmidae","Zeugopterus punctatus","Topknot ","Shelf","Demersal","Benthopiscivore",4,25,12.5,0.01259,3.03,216.6626029,0.216662603,"100-1000","medium",3,21,"low","least concern","Sediment sifter",1,3,"Lives on stony or rocky ground in the algal zone, and feeds on small fishes and crustaceans","rarely",2,6,"of no interest","1","flat"
"183","Pleuronectiformes","","","Scophthalmidae","Zeugopterus regius","Eckstroems topknot","","Demersal","",4,20,12,0.01288,3.02,109.4022994,0.109402299,"100-1000","medium",3,10,"low","least concern","Sediment sifter",1,3,"Occurs over rocky bottoms, less frequently on sandy bottoms. Feeds on small fish and invertebrates.","rarely",2,6,"minor commercial","1","flat"
"184","Zeiformes","","","Zeidae","Zeus faber","John dory","","Benthopelagic","",4.5,90,40,0.0166,2.91,8071.49144,8.07149144,"1,000-10,000","large",4,59,"high","data deficient","Sediment sifter",1,4,"Feeds mainly on schooling bony fishes, occasionally on cephalopods and crustaceans ","rarely",2,8,"commercial","1","compressiform"
"185","Perciformes","Zoarcoidei","","Zoarcidae","Zoarces viviparus","Eelpout","Inner shelf","Demersal","Benthivore",3.5,52,30,0.00316,3.13,742.6386504,0.74263865,"100-1000","medium",3,60,"high","not evaluated","Sediment sifter",1,3,"Feeds on gastropods, chironomids, crustaceans, eggs and fry of fishes","occasionally",3,9,"minor commercial","1","eel-like"
